{"cameraMode":{"drawMode":0,"name":"Shaded","section":"Shading Mode"},"sceneLighting":true,"audioPlay":false,"sceneViewState":{"showFog":true,"showMaterialUpdate":false,"showSkybox":true,"showFlares":true,"showImageEffects":true,"showParticleSystems":true,"showVisualEffectGraphs":true,"m_FxEnabled":true},"in2DMode":false,"pivot":{"x":0.09965920448303223,"y":1.3951692581176758,"z":-0.3592684268951416},"rotation":{"x":-0.10486777126789093,"y":0.2886140048503876,"z":-0.03182917460799217,"w":-0.9511851072311401},"size":3.236499547958374,"orthographic":false}